{
  "dataset_mixed_polyexp_4d.csv": {
    "m_base": 74.02093533060817,
    "m_ref": 1.256921482281079e-19,
    "C_ref": 21,
    "reference_expression": "(x1*x2 - x3)*(x1*x2 - x3)*exp(-(x4*x4))"
  }
}
